"bin","mean_pred","obs_rate","n","ci_low","ci_high"
1,2.22044604925031e-16,0,5,0,0
2,2.22044604925031e-16,0.2,5,0,0.6
3,0.356827836311468,0.5,4,0,1
4,0.999999999999707,1,4,1,1
5,1,1,4,1,1
