"specificity","sensitivity","threshold"
1,0,Inf
1,0.636363636363636,0.999999999999414
1,0.727272727272727,0.999999987717058
0.909090909090909,0.727272727272727,0.71346009145547
0.909090909090909,0.818181818181818,0.213615740851563
0.818181818181818,0.818181818181818,0.000195581167466962
0.818181818181818,0.909090909090909,3.9944053730441e-05
0,1,-Inf
